for-your-consideration_tuttle-twins_staging-for-content_testament_the-chosen_dry-bar-best-of_jungle-beat_wingfeather-saga,1
dry-bar-best-of_freelancers_riot_jungle-beat_wingfeather-saga_for-your-consideration_tuttle-twins_the-chosen_testament,1
tuttle-twins_riot_dry-bar-best-of_the-chosen_jungle-beat_wingfeather-saga_freelancers_for-your-consideration_testament,1
for-your-consideration_jungle-beat_tuttle-twins_the-chosen_dry-bar-best-of_freelancers_wingfeather-saga_testament,1
for-your-consideration_freelancers_wingfeather-saga_the-chosen_tuttle-twins_dry-bar-best-of_jungle-beat_testament,1
the-chosen_dry-bar-best-of_tuttle-twins_wingfeather-saga_jungle-beat_freelancers_for-your-consideration_testament,1
for-your-consideration_jungle-beat_dry-bar-best-of_tuttle-twins_freelancers_wingfeather-saga_the-chosen_testament,1
the-chosen_wingfeather-saga_riot_freelancers_jungle-beat_tuttle-twins_dry-bar-best-of_for-your-consideration,1
the-chosen_for-your-consideration_tuttle-twins_riot_wingfeather-saga_jungle-beat_freelancers_dry-bar-best-of,1
dry-bar-best-of_wingfeather-saga_tuttle-twins_the-chosen_for-your-consideration_riot_jungle-beat_testament,1
dry-bar-best-of_the-chosen_riot_tuttle-twins_jungle-beat_for-your-consideration_wingfeather-saga_testament,1
the-chosen_freelancers_tuttle-twins_jungle-beat_wingfeather-saga_for-your-consideration_dry-bar-best-of,1
tuttle-twins_for-your-consideration_wingfeather-saga_jungle-beat_the-chosen_dry-bar-best-of_freelancers,1
the-chosen_jungle-beat_tuttle-twins_dry-bar-best-of_wingfeather-saga_testament_for-your-consideration,1
freelancers_dry-bar-best-of_the-chosen_tuttle-twins_for-your-consideration_jungle-beat_riot_testament,1
for-your-consideration_dry-bar-best-of_freelancers_wingfeather-saga_riot_jungle-beat_tuttle-twins,1
tuttle-twins_the-chosen_for-your-consideration_jungle-beat_freelancers_wingfeather-saga_testament,1
dry-bar-best-of_freelancers_riot_tuttle-twins_for-your-consideration_jungle-beat_wingfeather-saga,1
wingfeather-saga_freelancers_jungle-beat_dry-bar-best-of_for-your-consideration_riot_tuttle-twins,1
dry-bar-best-of_freelancers_tuttle-twins_the-chosen_for-your-consideration_jungle-beat_testament,1
jungle-beat_wingfeather-saga_riot_tuttle-twins_the-chosen_for-your-consideration_dry-bar-best-of,1
for-your-consideration_wingfeather-saga_riot_freelancers_jungle-beat_dry-bar-best-of_the-chosen,1
for-your-consideration_jungle-beat_freelancers_riot_the-chosen_wingfeather-saga_tuttle-twins,1
tuttle-twins_dry-bar-best-of_wingfeather-saga_freelancers_jungle-beat_for-your-consideration,1
the-chosen_riot_for-your-consideration_tuttle-twins_jungle-beat_wingfeather-saga_freelancers,1
for-your-consideration_tuttle-twins_wingfeather-saga_jungle-beat_riot_freelancers_the-chosen,1
freelancers_jungle-beat_wingfeather-saga_tuttle-twins_dry-bar-best-of_for-your-consideration,1
for-your-consideration_dry-bar-best-of_wingfeather-saga_jungle-beat_tuttle-twins_the-chosen,1
the-chosen_wingfeather-saga_tuttle-twins_dry-bar-best-of_freelancers_for-your-consideration,1
freelancers_dry-bar-best-of_for-your-consideration_the-chosen_tuttle-twins_riot_jungle-beat,1
the-chosen_freelancers_for-your-consideration_tuttle-twins_wingfeather-saga_dry-bar-best-of,1
freelancers_wingfeather-saga_tuttle-twins_for-your-consideration_riot_testament_jungle-beat,1
for-your-consideration_tuttle-twins_wingfeather-saga_freelancers_dry-bar-best-of_testament,1
jungle-beat_the-chosen_dry-bar-best-of_wingfeather-saga_tuttle-twins_freelancers_testament,1
testament_jungle-beat_tuttle-twins_wingfeather-saga_for-your-consideration_freelancers,1
dry-bar-best-of_the-chosen_tuttle-twins_wingfeather-saga_freelancers_riot_jungle-beat,1
jungle-beat_the-chosen_dry-bar-best-of_tuttle-twins_wingfeather-saga_riot_freelancers,1
tuttle-twins_freelancers_wingfeather-saga_riot_dry-bar-best-of_the-chosen_jungle-beat,1
for-your-consideration_jungle-beat_tuttle-twins_the-chosen_testament_wingfeather-saga,1
riot_wingfeather-saga_tuttle-twins_freelancers_dry-bar-best-of_the-chosen_jungle-beat,1
riot_the-chosen_jungle-beat_wingfeather-saga_tuttle-twins_dry-bar-best-of_freelancers,1
riot_wingfeather-saga_jungle-beat_the-chosen_freelancers_dry-bar-best-of_tuttle-twins,1
jungle-beat_tuttle-twins_wingfeather-saga_for-your-consideration_the-chosen_testament,1
tuttle-twins_the-chosen_wingfeather-saga_riot_dry-bar-best-of_jungle-beat_freelancers,1
wingfeather-saga_riot_jungle-beat_for-your-consideration_tuttle-twins_dry-bar-best-of,1
for-your-consideration_jungle-beat_riot_wingfeather-saga_dry-bar-best-of_freelancers,1
jungle-beat_for-your-consideration_dry-bar-best-of_tuttle-twins_the-chosen_testament,1
riot_testament_tuttle-twins_jungle-beat_wingfeather-saga_dry-bar-best-of_freelancers,1
for-your-consideration_wingfeather-saga_freelancers_riot_dry-bar-best-of_the-chosen,1
for-your-consideration_the-chosen_riot_wingfeather-saga_dry-bar-best-of_freelancers,1
for-your-consideration_the-chosen_riot_dry-bar-best-of_wingfeather-saga_freelancers,1
tuttle-twins_for-your-consideration_the-chosen_staging-for-content_wingfeather-saga,1
jungle-beat_wingfeather-saga_for-your-consideration_tuttle-twins_freelancers_riot,1
tuttle-twins_for-your-consideration_jungle-beat_wingfeather-saga_riot_freelancers,1
for-your-consideration_freelancers_jungle-beat_wingfeather-saga_riot_tuttle-twins,1
tuttle-twins_for-your-consideration_the-chosen_jungle-beat_freelancers_testament,1
tuttle-twins_jungle-beat_freelancers_wingfeather-saga_dry-bar-best-of_the-chosen,1
wingfeather-saga_tuttle-twins_freelancers_the-chosen_jungle-beat_dry-bar-best-of,1
riot_tuttle-twins_wingfeather-saga_for-your-consideration_jungle-beat_the-chosen,1
for-your-consideration_tuttle-twins_dry-bar-best-of_freelancers_riot_jungle-beat,1
for-your-consideration_the-chosen_tuttle-twins_freelancers_testament_jungle-beat,1
tuttle-twins_freelancers_wingfeather-saga_for-your-consideration_dry-bar-best-of,1
jungle-beat_wingfeather-saga_freelancers_for-your-consideration_dry-bar-best-of,1
tuttle-twins_jungle-beat_dry-bar-best-of_testament_freelancers_wingfeather-saga,1
jungle-beat_tuttle-twins_freelancers_dry-bar-best-of_wingfeather-saga_testament,1
freelancers_wingfeather-saga_dry-bar-best-of_jungle-beat_tuttle-twins_testament,1
jungle-beat_freelancers_tuttle-twins_wingfeather-saga_dry-bar-best-of_testament,1
for-your-consideration_wingfeather-saga_the-chosen_dry-bar-best-of_tuttle-twins,1
riot_freelancers_for-your-consideration_tuttle-twins_dry-bar-best-of_the-chosen,1
for-your-consideration_freelancers_the-chosen_dry-bar-best-of_wingfeather-saga,1
tuttle-twins_for-your-consideration_wingfeather-saga_the-chosen_testament_riot,1
freelancers_for-your-consideration_riot_wingfeather-saga_jungle-beat_testament,1
the-chosen_wingfeather-saga_freelancers_for-your-consideration_dry-bar-best-of,1
for-your-consideration_freelancers_dry-bar-best-of_the-chosen_wingfeather-saga,1
tuttle-twins_testament_the-chosen_wingfeather-saga_jungle-beat_dry-bar-best-of,1
jungle-beat_dry-bar-best-of_riot_the-chosen_freelancers_for-your-consideration,1
jungle-beat_wingfeather-saga_the-chosen_for-your-consideration_riot_testament,1
tuttle-twins_for-your-consideration_dry-bar-best-of_riot_the-chosen_testament,1
wingfeather-saga_jungle-beat_testament_freelancers_dry-bar-best-of_the-chosen,1
for-your-consideration_freelancers_tuttle-twins_wingfeather-saga_jungle-beat,1
for-your-consideration_freelancers_wingfeather-saga_tuttle-twins_jungle-beat,1
tuttle-twins_wingfeather-saga_for-your-consideration_jungle-beat_freelancers,1
wingfeather-saga_for-your-consideration_tuttle-twins_jungle-beat_freelancers,1
tuttle-twins_the-chosen_for-your-consideration_jungle-beat_riot_freelancers,1
tuttle-twins_wingfeather-saga_freelancers_the-chosen_for-your-consideration,1
for-your-consideration_tuttle-twins_jungle-beat_freelancers_dry-bar-best-of,1
tuttle-twins_the-chosen_for-your-consideration_wingfeather-saga_jungle-beat,1
the-chosen_for-your-consideration_tuttle-twins_jungle-beat_wingfeather-saga,1
wingfeather-saga_jungle-beat_the-chosen_tuttle-twins_for-your-consideration,1
tuttle-twins_jungle-beat_the-chosen_for-your-consideration_wingfeather-saga,1
freelancers_tuttle-twins_wingfeather-saga_jungle-beat_the-chosen_testament,1
the-chosen_dry-bar-best-of_for-your-consideration_tuttle-twins_freelancers,1
riot_jungle-beat_tuttle-twins_dry-bar-best-of_freelancers_wingfeather-saga,1
jungle-beat_tuttle-twins_wingfeather-saga_the-chosen_freelancers_testament,1
freelancers_dry-bar-best-of_tuttle-twins_the-chosen_for-your-consideration,1
wingfeather-saga_jungle-beat_freelancers_dry-bar-best-of_riot_tuttle-twins,1
wingfeather-saga_the-chosen_freelancers_jungle-beat_for-your-consideration,1
the-chosen_freelancers_wingfeather-saga_jungle-beat_for-your-consideration,1
freelancers_jungle-beat_for-your-consideration_the-chosen_wingfeather-saga,1
tuttle-twins_jungle-beat_freelancers_wingfeather-saga_riot_dry-bar-best-of,1
tuttle-twins_jungle-beat_freelancers_dry-bar-best-of_riot_wingfeather-saga,1
wingfeather-saga_tuttle-twins_dry-bar-best-of_jungle-beat_riot_freelancers,1
wingfeather-saga_tuttle-twins_jungle-beat_testament_for-your-consideration,1
riot_jungle-beat_freelancers_dry-bar-best-of_tuttle-twins_wingfeather-saga,1
for-your-consideration_dry-bar-best-of_tuttle-twins_jungle-beat_the-chosen,1
wingfeather-saga_jungle-beat_tuttle-twins_riot_the-chosen_dry-bar-best-of,1
wingfeather-saga_the-chosen_freelancers_riot_dry-bar-best-of_tuttle-twins,1
the-chosen_riot_tuttle-twins_jungle-beat_dry-bar-best-of_wingfeather-saga,1
riot_jungle-beat_dry-bar-best-of_tuttle-twins_wingfeather-saga_the-chosen,1
for-your-consideration_dry-bar-best-of_the-chosen_jungle-beat_freelancers,1
for-your-consideration_dry-bar-best-of_wingfeather-saga_riot_tuttle-twins,1
the-chosen_riot_for-your-consideration_jungle-beat_tuttle-twins_testament,1
riot_wingfeather-saga_dry-bar-best-of_jungle-beat_the-chosen_freelancers,1
for-your-consideration_the-chosen_jungle-beat_freelancers_riot_testament,1
freelancers_wingfeather-saga_tuttle-twins_riot_dry-bar-best-of_testament,1
for-your-consideration_the-chosen_dry-bar-best-of_tuttle-twins_testament,1
for-your-consideration_wingfeather-saga_freelancers_dry-bar-best-of_riot,1
for-your-consideration_riot_dry-bar-best-of_freelancers_wingfeather-saga,1
riot_dry-bar-best-of_for-your-consideration_wingfeather-saga_freelancers,1
jungle-beat_dry-bar-best-of_riot_wingfeather-saga_freelancers_the-chosen,1
for-your-consideration_freelancers_wingfeather-saga_riot_dry-bar-best-of,1
for-your-consideration_dry-bar-best-of_tuttle-twins_the-chosen_testament,1
the-chosen_for-your-consideration_testament_wingfeather-saga_jungle-beat,1
for-your-consideration_the-chosen_jungle-beat_testament_wingfeather-saga,1
dry-bar-best-of_the-chosen_for-your-consideration_riot_wingfeather-saga,1
for-your-consideration_riot_wingfeather-saga_dry-bar-best-of_the-chosen,1
dry-bar-best-of_jungle-beat_riot_testament_freelancers_wingfeather-saga,1
the-chosen_riot_testament_wingfeather-saga_jungle-beat_dry-bar-best-of,1
riot_the-chosen_dry-bar-best-of_wingfeather-saga_testament_freelancers,1
testament_riot_for-your-consideration_wingfeather-saga_dry-bar-best-of,1
wingfeather-saga_testament_dry-bar-best-of_freelancers_riot_the-chosen,1
the-chosen_riot_dry-bar-best-of_testament_wingfeather-saga_jungle-beat,1
tuttle-twins_dry-bar-best-of_freelancers_wingfeather-saga_jungle-beat,1
the-chosen_jungle-beat_wingfeather-saga_riot_freelancers_tuttle-twins,1
for-your-consideration_jungle-beat_riot_wingfeather-saga_tuttle-twins,1
the-chosen_jungle-beat_riot_wingfeather-saga_tuttle-twins_freelancers,1
wingfeather-saga_freelancers_dry-bar-best-of_tuttle-twins_jungle-beat,1
freelancers_wingfeather-saga_jungle-beat_tuttle-twins_dry-bar-best-of,1
jungle-beat_dry-bar-best-of_wingfeather-saga_freelancers_tuttle-twins,1
jungle-beat_the-chosen_freelancers_riot_wingfeather-saga_tuttle-twins,1
jungle-beat_tuttle-twins_wingfeather-saga_for-your-consideration_riot,1
wingfeather-saga_tuttle-twins_dry-bar-best-of_jungle-beat_freelancers,1
riot_for-your-consideration_jungle-beat_tuttle-twins_wingfeather-saga,1
for-your-consideration_jungle-beat_wingfeather-saga_tuttle-twins_riot,1
for-your-consideration_tuttle-twins_wingfeather-saga_riot_freelancers,1
the-chosen_jungle-beat_tuttle-twins_dry-bar-best-of_wingfeather-saga,1
the-chosen_tuttle-twins_wingfeather-saga_freelancers_dry-bar-best-of,1
wingfeather-saga_riot_tuttle-twins_for-your-consideration_the-chosen,1
dry-bar-best-of_freelancers_riot_for-your-consideration_tuttle-twins,1
dry-bar-best-of_riot_for-your-consideration_freelancers_tuttle-twins,1
jungle-beat_tuttle-twins_for-your-consideration_the-chosen_testament,1
for-your-consideration_dry-bar-best-of_tuttle-twins_wingfeather-saga,1
for-your-consideration_riot_dry-bar-best-of_jungle-beat_tuttle-twins,1
wingfeather-saga_tuttle-twins_jungle-beat_dry-bar-best-of_the-chosen,1
the-chosen_tuttle-twins_jungle-beat_wingfeather-saga_dry-bar-best-of,1
tuttle-twins_the-chosen_jungle-beat_freelancers_dry-bar-best-of_riot,1
dry-bar-best-of_jungle-beat_freelancers_riot_the-chosen_tuttle-twins,1
the-chosen_tuttle-twins_dry-bar-best-of_freelancers_wingfeather-saga,1
jungle-beat_wingfeather-saga_the-chosen_dry-bar-best-of_tuttle-twins,1
dry-bar-best-of_tuttle-twins_jungle-beat_freelancers_riot_the-chosen,1
wingfeather-saga_freelancers_jungle-beat_for-your-consideration_riot,1
for-your-consideration_tuttle-twins_dry-bar-best-of_the-chosen_riot,1
the-chosen_for-your-consideration_wingfeather-saga_riot_freelancers,1
wingfeather-saga_for-your-consideration_dry-bar-best-of_jungle-beat,1
the-chosen_riot_jungle-beat_for-your-consideration_wingfeather-saga,1
for-your-consideration_freelancers_riot_dry-bar-best-of_jungle-beat,1
freelancers_testament_tuttle-twins_dry-bar-best-of_jungle-beat_riot,1
the-chosen_wingfeather-saga_freelancers_for-your-consideration_riot,1
dry-bar-best-of_for-your-consideration_wingfeather-saga_jungle-beat,1
wingfeather-saga_for-your-consideration_freelancers_dry-bar-best-of,1
the-chosen_wingfeather-saga_jungle-beat_riot_tuttle-twins_testament,1
the-chosen_tuttle-twins_dry-bar-best-of_wingfeather-saga_testament,1
for-your-consideration_the-chosen_wingfeather-saga_dry-bar-best-of,1
testament_riot_dry-bar-best-of_tuttle-twins_jungle-beat_the-chosen,1
wingfeather-saga_for-your-consideration_dry-bar-best-of_the-chosen,1
tuttle-twins_the-chosen_dry-bar-best-of_riot_testament_jungle-beat,1
the-chosen_riot_dry-bar-best-of_for-your-consideration_freelancers,1
wingfeather-saga_the-chosen_testament_freelancers_dry-bar-best-of,1
dry-bar-best-of_freelancers_the-chosen_wingfeather-saga_testament,1
testament_freelancers_dry-bar-best-of_the-chosen_wingfeather-saga,1
wingfeather-saga_tuttle-twins_for-your-consideration_jungle-beat,1
for-your-consideration_tuttle-twins_wingfeather-saga_jungle-beat,1
wingfeather-saga_tuttle-twins_jungle-beat_for-your-consideration,1
tuttle-twins_wingfeather-saga_jungle-beat_freelancers_the-chosen,1
tuttle-twins_wingfeather-saga_jungle-beat_for-your-consideration,1
tuttle-twins_wingfeather-saga_for-your-consideration_jungle-beat,1
for-your-consideration_wingfeather-saga_jungle-beat_tuttle-twins,1
the-chosen_tuttle-twins_wingfeather-saga_jungle-beat_freelancers,1
the-chosen_jungle-beat_tuttle-twins_wingfeather-saga_freelancers,1
tuttle-twins_jungle-beat_wingfeather-saga_the-chosen_freelancers,1
wingfeather-saga_for-your-consideration_jungle-beat_tuttle-twins,1
for-your-consideration_jungle-beat_riot_tuttle-twins_freelancers,1
jungle-beat_wingfeather-saga_for-your-consideration_tuttle-twins,1
tuttle-twins_for-your-consideration_wingfeather-saga_freelancers,1
tuttle-twins_freelancers_wingfeather-saga_jungle-beat_the-chosen,1
for-your-consideration_jungle-beat_wingfeather-saga_tuttle-twins,1
tuttle-twins_freelancers_wingfeather-saga_for-your-consideration,1
the-chosen_jungle-beat_tuttle-twins_dry-bar-best-of_freelancers,1
tuttle-twins_the-chosen_jungle-beat_riot_for-your-consideration,1
dry-bar-best-of_freelancers_tuttle-twins_for-your-consideration,1
wingfeather-saga_for-your-consideration_tuttle-twins_the-chosen,2
for-your-consideration_wingfeather-saga_jungle-beat_freelancers,1
for-your-consideration_jungle-beat_wingfeather-saga_freelancers,1
tuttle-twins_dry-bar-best-of_freelancers_for-your-consideration,1
tuttle-twins_jungle-beat_the-chosen_freelancers_dry-bar-best-of,1
freelancers_for-your-consideration_tuttle-twins_dry-bar-best-of,1
the-chosen_wingfeather-saga_for-your-consideration_freelancers,1
wingfeather-saga_the-chosen_for-your-consideration_jungle-beat,1
the-chosen_wingfeather-saga_jungle-beat_for-your-consideration,1
wingfeather-saga_dry-bar-best-of_tuttle-twins_riot_freelancers,1
wingfeather-saga_the-chosen_tuttle-twins_freelancers_testament,1
dry-bar-best-of_jungle-beat_freelancers_for-your-consideration,1
for-your-consideration_the-chosen_jungle-beat_freelancers_riot,1
dry-bar-best-of_tuttle-twins_jungle-beat_wingfeather-saga_riot,1
the-chosen_tuttle-twins_dry-bar-best-of_for-your-consideration,1
for-your-consideration_the-chosen_wingfeather-saga_jungle-beat,1
the-chosen_wingfeather-saga_freelancers_for-your-consideration,1
for-your-consideration_riot_jungle-beat_freelancers_the-chosen,1
wingfeather-saga_tuttle-twins_jungle-beat_the-chosen_testament,1
dry-bar-best-of_riot_tuttle-twins_jungle-beat_wingfeather-saga,1
freelancers_riot_the-chosen_jungle-beat_for-your-consideration,1
for-your-consideration_wingfeather-saga_testament_tuttle-twins,1
jungle-beat_wingfeather-saga_the-chosen_for-your-consideration,1
for-your-consideration_wingfeather-saga_jungle-beat_the-chosen,1
for-your-consideration_jungle-beat_dry-bar-best-of_freelancers,1
for-your-consideration_the-chosen_wingfeather-saga_freelancers,1
wingfeather-saga_testament_tuttle-twins_freelancers_the-chosen,1
tuttle-twins_freelancers_wingfeather-saga_riot_dry-bar-best-of,1
wingfeather-saga_tuttle-twins_riot_dry-bar-best-of_jungle-beat,1
jungle-beat_riot_dry-bar-best-of_wingfeather-saga_tuttle-twins,1
wingfeather-saga_tuttle-twins_for-your-consideration_testament,1
wingfeather-saga_jungle-beat_the-chosen_for-your-consideration,1
for-your-consideration_dry-bar-best-of_the-chosen_freelancers,1
for-your-consideration_dry-bar-best-of_freelancers_the-chosen,1
the-chosen_wingfeather-saga_tuttle-twins_dry-bar-best-of_riot,1
for-your-consideration_the-chosen_dry-bar-best-of_freelancers,1
tuttle-twins_wingfeather-saga_dry-bar-best-of_riot_the-chosen,1
tuttle-twins_dry-bar-best-of_wingfeather-saga_the-chosen_riot,1
the-chosen_for-your-consideration_dry-bar-best-of_freelancers,2
jungle-beat_riot_wingfeather-saga_dry-bar-best-of_freelancers,1
the-chosen_staging-for-content_content_migration_tuttle-twins,1
for-your-consideration_testament_dry-bar-best-of_tuttle-twins,1
dry-bar-best-of_the-chosen_for-your-consideration_freelancers,1
freelancers_dry-bar-best-of_the-chosen_for-your-consideration,1
riot_wingfeather-saga_jungle-beat_dry-bar-best-of_freelancers,1
tuttle-twins_freelancers_testament_the-chosen_dry-bar-best-of,1
dry-bar-best-of_wingfeather-saga_riot_tuttle-twins_testament,1
dry-bar-best-of_freelancers_riot_wingfeather-saga_the-chosen,1
riot_wingfeather-saga_freelancers_dry-bar-best-of_the-chosen,1
testament_freelancers_for-your-consideration_dry-bar-best-of,1
the-chosen_freelancers_wingfeather-saga_dry-bar-best-of_riot,1
the-chosen_testament_jungle-beat_dry-bar-best-of_freelancers,1
wingfeather-saga_for-your-consideration_dry-bar-best-of_riot,1
for-your-consideration_the-chosen_wingfeather-saga_testament,1
wingfeather-saga_testament_for-your-consideration_the-chosen,1
dry-bar-best-of_the-chosen_wingfeather-saga_freelancers_riot,1
the-chosen_dry-bar-best-of_freelancers_riot_wingfeather-saga,1
wingfeather-saga_testament_riot_tuttle-twins_dry-bar-best-of,1
for-your-consideration_dry-bar-best-of_riot_wingfeather-saga,1
freelancers_for-your-consideration_tuttle-twins_jungle-beat,1
for-your-consideration_jungle-beat_freelancers_tuttle-twins,2
freelancers_jungle-beat_tuttle-twins_for-your-consideration,1
tuttle-twins_freelancers_jungle-beat_for-your-consideration,1
the-chosen_for-your-consideration_testament_dry-bar-best-of,1
tuttle-twins_for-your-consideration_jungle-beat_the-chosen,1
the-chosen_for-your-consideration_jungle-beat_tuttle-twins,1
tuttle-twins_jungle-beat_riot_freelancers_wingfeather-saga,2
wingfeather-saga_tuttle-twins_jungle-beat_riot_freelancers,1
the-chosen_tuttle-twins_freelancers_for-your-consideration,1
jungle-beat_the-chosen_tuttle-twins_for-your-consideration,2
wingfeather-saga_jungle-beat_riot_freelancers_tuttle-twins,1
tuttle-twins_wingfeather-saga_freelancers_riot_jungle-beat,1
for-your-consideration_tuttle-twins_the-chosen_freelancers,1
tuttle-twins_the-chosen_for-your-consideration_jungle-beat,1
the-chosen_tuttle-twins_for-your-consideration_jungle-beat,1
for-your-consideration_tuttle-twins_jungle-beat_the-chosen,1
for-your-consideration_jungle-beat_tuttle-twins_the-chosen,2
for-your-consideration_tuttle-twins_freelancers_the-chosen,1
riot_freelancers_tuttle-twins_wingfeather-saga_jungle-beat,1
for-your-consideration_the-chosen_jungle-beat_tuttle-twins,1
wingfeather-saga_tuttle-twins_freelancers_riot_jungle-beat,1
jungle-beat_riot_wingfeather-saga_freelancers_tuttle-twins,1
tuttle-twins_freelancers_wingfeather-saga_riot_jungle-beat,1
jungle-beat_tuttle-twins_the-chosen_for-your-consideration,1
tuttle-twins_riot_wingfeather-saga_freelancers_jungle-beat,1
for-your-consideration_freelancers_tuttle-twins_testament,1
riot_jungle-beat_freelancers_dry-bar-best-of_tuttle-twins,1
tuttle-twins_wingfeather-saga_jungle-beat_riot_the-chosen,1
jungle-beat_tuttle-twins_wingfeather-saga_dry-bar-best-of,1
dry-bar-best-of_jungle-beat_tuttle-twins_wingfeather-saga,1
the-chosen_riot_tuttle-twins_freelancers_wingfeather-saga,1
riot_for-your-consideration_wingfeather-saga_tuttle-twins,1
freelancers_wingfeather-saga_tuttle-twins_dry-bar-best-of,1
dry-bar-best-of_jungle-beat_wingfeather-saga_tuttle-twins,1
freelancers_wingfeather-saga_dry-bar-best-of_tuttle-twins,1
wingfeather-saga_jungle-beat_tuttle-twins_dry-bar-best-of,1
for-your-consideration_riot_tuttle-twins_wingfeather-saga,2
wingfeather-saga_dry-bar-best-of_tuttle-twins_freelancers,1
tuttle-twins_freelancers_wingfeather-saga_riot_the-chosen,1
tuttle-twins_dry-bar-best-of_jungle-beat_wingfeather-saga,1
freelancers_the-chosen_riot_wingfeather-saga_tuttle-twins,1
wingfeather-saga_tuttle-twins_riot_jungle-beat_the-chosen,1
tuttle-twins_for-your-consideration_wingfeather-saga_riot,1
for-your-consideration_jungle-beat_the-chosen_freelancers,1
jungle-beat_riot_the-chosen_wingfeather-saga_tuttle-twins,1
the-chosen_tuttle-twins_riot_jungle-beat_wingfeather-saga,1
tuttle-twins_jungle-beat_freelancers_riot_dry-bar-best-of,1
the-chosen_wingfeather-saga_riot_freelancers_tuttle-twins,1
for-your-consideration_jungle-beat_tuttle-twins_testament,1
wingfeather-saga_tuttle-twins_dry-bar-best-of_jungle-beat,1
jungle-beat_wingfeather-saga_dry-bar-best-of_tuttle-twins,1
dry-bar-best-of_freelancers_wingfeather-saga_tuttle-twins,1
for-your-consideration_riot_wingfeather-saga_jungle-beat,1
jungle-beat_wingfeather-saga_riot_for-your-consideration,1
tuttle-twins_riot_wingfeather-saga_testament_freelancers,1
tuttle-twins_wingfeather-saga_dry-bar-best-of_the-chosen,1
for-your-consideration_wingfeather-saga_dry-bar-best-of,10
jungle-beat_riot_wingfeather-saga_for-your-consideration,1
tuttle-twins_the-chosen_dry-bar-best-of_riot_freelancers,1
for-your-consideration_riot_wingfeather-saga_freelancers,1
the-chosen_riot_wingfeather-saga_freelancers_jungle-beat,1
wingfeather-saga_for-your-consideration_freelancers_riot,1
wingfeather-saga_jungle-beat_for-your-consideration_riot,1
riot_for-your-consideration_wingfeather-saga_freelancers,1
the-chosen_tuttle-twins_dry-bar-best-of_wingfeather-saga,2
jungle-beat_riot_freelancers_the-chosen_wingfeather-saga,1
wingfeather-saga_for-your-consideration_riot_freelancers,2
the-chosen_dry-bar-best-of_tuttle-twins_wingfeather-saga,1
the-chosen_jungle-beat_dry-bar-best-of_tuttle-twins_riot,1
for-your-consideration_wingfeather-saga_riot_freelancers,2
the-chosen_riot_jungle-beat_tuttle-twins_dry-bar-best-of,1
tuttle-twins_riot_the-chosen_dry-bar-best-of_jungle-beat,1
wingfeather-saga_tuttle-twins_dry-bar-best-of_the-chosen,1
wingfeather-saga_freelancers_dry-bar-best-of_jungle-beat,1
riot_tuttle-twins_the-chosen_dry-bar-best-of_jungle-beat,1
wingfeather-saga_tuttle-twins_the-chosen_dry-bar-best-of,1
the-chosen_jungle-beat_riot_tuttle-twins_dry-bar-best-of,1
wingfeather-saga_the-chosen_jungle-beat_freelancers_riot,1
jungle-beat_for-your-consideration_wingfeather-saga_riot,1
for-your-consideration_dry-bar-best-of_riot_tuttle-twins,1
the-chosen_tuttle-twins_jungle-beat_riot_dry-bar-best-of,1
tuttle-twins_dry-bar-best-of_wingfeather-saga_the-chosen,1
the-chosen_dry-bar-best-of_freelancers_wingfeather-saga,1
for-your-consideration_dry-bar-best-of_wingfeather-saga,1
the-chosen_for-your-consideration_wingfeather-saga_riot,1
the-chosen_jungle-beat_wingfeather-saga_dry-bar-best-of,2
jungle-beat_freelancers_testament_wingfeather-saga_riot,1
jungle-beat_the-chosen_dry-bar-best-of_wingfeather-saga,1
jungle-beat_freelancers_riot_dry-bar-best-of_the-chosen,1
freelancers_riot_the-chosen_dry-bar-best-of_jungle-beat,1
for-your-consideration_riot_wingfeather-saga_the-chosen,2
for-your-consideration_freelancers_riot_dry-bar-best-of,1
the-chosen_riot_dry-bar-best-of_freelancers_jungle-beat,1
freelancers_the-chosen_dry-bar-best-of_wingfeather-saga,1
for-your-consideration_the-chosen_testament_jungle-beat,1
the-chosen_riot_for-your-consideration_wingfeather-saga,1
the-chosen_wingfeather-saga_for-your-consideration_riot,1
freelancers_dry-bar-best-of_for-your-consideration_riot,1
dry-bar-best-of_the-chosen_jungle-beat_wingfeather-saga,1
dry-bar-best-of_wingfeather-saga_for-your-consideration,2
the-chosen_for-your-consideration_jungle-beat_testament,1
for-your-consideration_riot_the-chosen_wingfeather-saga,1
freelancers_dry-bar-best-of_wingfeather-saga_the-chosen,1
wingfeather-saga_for-your-consideration_dry-bar-best-of,2
freelancers_for-your-consideration_testament_the-chosen,1
dry-bar-best-of_freelancers_wingfeather-saga_the-chosen,1
for-your-consideration_riot_dry-bar-best-of_jungle-beat,1
the-chosen_tuttle-twins_wingfeather-saga_riot_testament,1
wingfeather-saga_dry-bar-best-of_freelancers_the-chosen,1
riot_wingfeather-saga_for-your-consideration_the-chosen,1
freelancers_riot_wingfeather-saga_testament_the-chosen,1
the-chosen_riot_wingfeather-saga_freelancers_testament,1
freelancers_wingfeather-saga_dry-bar-best-of_testament,1
dry-bar-best-of_the-chosen_riot_for-your-consideration,1
wingfeather-saga_testament_dry-bar-best-of_freelancers,1
for-your-consideration_riot_the-chosen_dry-bar-best-of,1
wingfeather-saga_jungle-beat_the-chosen_testament_riot,1
testament_for-your-consideration_wingfeather-saga_riot,1
the-chosen_wingfeather-saga_freelancers_testament_riot,1
jungle-beat_wingfeather-saga_tuttle-twins_freelancers,1
jungle-beat_tuttle-twins_freelancers_wingfeather-saga,1
freelancers_dry-bar-best-of_testament_riot_the-chosen,1
freelancers_jungle-beat_tuttle-twins_wingfeather-saga,1
for-your-consideration_testament_dry-bar-best-of_riot,1
jungle-beat_tuttle-twins_wingfeather-saga_freelancers,1
jungle-beat_wingfeather-saga_freelancers_tuttle-twins,1
dry-bar-best-of_riot_for-your-consideration_testament,1
wingfeather-saga_jungle-beat_tuttle-twins_freelancers,1
tuttle-twins_wingfeather-saga_freelancers_jungle-beat,2
riot_testament_for-your-consideration_dry-bar-best-of,1
tuttle-twins_freelancers_jungle-beat_wingfeather-saga,1
wingfeather-saga_the-chosen_dry-bar-best-of_testament,1
tuttle-twins_wingfeather-saga_jungle-beat_freelancers,2
the-chosen_dry-bar-best-of_wingfeather-saga_testament,1
tuttle-twins_for-your-consideration_wingfeather-saga,2
freelancers_for-your-consideration_riot_tuttle-twins,1
the-chosen_tuttle-twins_freelancers_wingfeather-saga,1
tuttle-twins_wingfeather-saga_jungle-beat_the-chosen,2
the-chosen_tuttle-twins_jungle-beat_wingfeather-saga,1
tuttle-twins_jungle-beat_riot_for-your-consideration,1
tuttle-twins_wingfeather-saga_for-your-consideration,2
the-chosen_wingfeather-saga_tuttle-twins_jungle-beat,2
for-your-consideration_wingfeather-saga_tuttle-twins,8
freelancers_tuttle-twins_wingfeather-saga_the-chosen,1
wingfeather-saga_tuttle-twins_for-your-consideration,1
freelancers_tuttle-twins_the-chosen_jungle-beat_riot,1
the-chosen_riot_tuttle-twins_freelancers_jungle-beat,1
wingfeather-saga_jungle-beat_tuttle-twins_the-chosen,2
the-chosen_wingfeather-saga_tuttle-twins_freelancers,1
for-your-consideration_tuttle-twins_riot_freelancers,1
wingfeather-saga_for-your-consideration_tuttle-twins,3
tuttle-twins_the-chosen_jungle-beat_wingfeather-saga,1
freelancers_riot_tuttle-twins_the-chosen_jungle-beat,1
for-your-consideration_riot_tuttle-twins_jungle-beat,1
the-chosen_wingfeather-saga_freelancers_tuttle-twins,1
the-chosen_tuttle-twins_wingfeather-saga_freelancers,1
the-chosen_jungle-beat_tuttle-twins_wingfeather-saga,2
riot_tuttle-twins_jungle-beat_for-your-consideration,1
for-your-consideration_riot_jungle-beat_tuttle-twins,1
the-chosen_tuttle-twins_wingfeather-saga_jungle-beat,1
wingfeather-saga_the-chosen_jungle-beat_tuttle-twins,1
wingfeather-saga_freelancers_tuttle-twins_the-chosen,1
riot_jungle-beat_for-your-consideration_tuttle-twins,1
jungle-beat_tuttle-twins_wingfeather-saga_the-chosen,1
wingfeather-saga_tuttle-twins_jungle-beat_the-chosen,1
for-your-consideration_tuttle-twins_wingfeather-saga,1
tuttle-twins_jungle-beat_the-chosen_wingfeather-saga,1
wingfeather-saga_jungle-beat_the-chosen_tuttle-twins,1
jungle-beat_tuttle-twins_freelancers_dry-bar-best-of,1
for-your-consideration_wingfeather-saga_freelancers,8
the-chosen_jungle-beat_tuttle-twins_dry-bar-best-of,2
for-your-consideration_jungle-beat_wingfeather-saga,7
jungle-beat_tuttle-twins_the-chosen_dry-bar-best-of,1
jungle-beat_the-chosen_dry-bar-best-of_tuttle-twins,1
for-your-consideration_wingfeather-saga_jungle-beat,2
for-your-consideration_freelancers_wingfeather-saga,4
wingfeather-saga_for-your-consideration_jungle-beat,2
wingfeather-saga_for-your-consideration_freelancers,1
for-your-consideration_jungle-beat_riot_freelancers,1
the-chosen_dry-bar-best-of_tuttle-twins_freelancers,1
for-your-consideration_wingfeather-saga_the-chosen,11
freelancers_for-your-consideration_wingfeather-saga,1
tuttle-twins_for-your-consideration_dry-bar-best-of,2
wingfeather-saga_jungle-beat_for-your-consideration,3
the-chosen_freelancers_tuttle-twins_dry-bar-best-of,2
testament_jungle-beat_tuttle-twins_wingfeather-saga,1
wingfeather-saga_freelancers_for-your-consideration,1
tuttle-twins_the-chosen_freelancers_dry-bar-best-of,1
riot_jungle-beat_for-your-consideration_freelancers,1
tuttle-twins_wingfeather-saga_freelancers_testament,1
the-chosen_tuttle-twins_dry-bar-best-of_freelancers,1
tuttle-twins_jungle-beat_the-chosen_dry-bar-best-of,1
wingfeather-saga_tuttle-twins_jungle-beat_testament,2
for-your-consideration_riot_the-chosen_tuttle-twins,1
for-your-consideration_tuttle-twins_dry-bar-best-of,3
tuttle-twins_jungle-beat_wingfeather-saga_testament,1
the-chosen_dry-bar-best-of_freelancers_tuttle-twins,1
for-your-consideration_dry-bar-best-of_tuttle-twins,2
the-chosen_freelancers_jungle-beat_wingfeather-saga,1
the-chosen_dry-bar-best-of_tuttle-twins_jungle-beat,1
tuttle-twins_the-chosen_jungle-beat_dry-bar-best-of,1
jungle-beat_wingfeather-saga_for-your-consideration,1
jungle-beat_for-your-consideration_wingfeather-saga,1
dry-bar-best-of_tuttle-twins_for-your-consideration,1
the-chosen_dry-bar-best-of_jungle-beat_tuttle-twins,1
the-chosen_for-your-consideration_wingfeather-saga,6
for-your-consideration_freelancers_dry-bar-best-of,2
for-your-consideration_jungle-beat_dry-bar-best-of,1
the-chosen_wingfeather-saga_for-your-consideration,4
tuttle-twins_jungle-beat_testament_riot_the-chosen,1
dry-bar-best-of_freelancers_for-your-consideration,3
for-your-consideration_the-chosen_wingfeather-saga,7
testament_jungle-beat_tuttle-twins_dry-bar-best-of,2
the-chosen_tuttle-twins_testament_jungle-beat_riot,1
jungle-beat_freelancers_dry-bar-best-of_the-chosen,1
for-your-consideration_dry-bar-best-of_freelancers,4
jungle-beat_for-your-consideration_dry-bar-best-of,2
wingfeather-saga_dry-bar-best-of_riot_tuttle-twins,1
riot_wingfeather-saga_dry-bar-best-of_tuttle-twins,1
dry-bar-best-of_for-your-consideration_freelancers,1
the-chosen_tuttle-twins_freelancers_riot_testament,1
wingfeather-saga_for-your-consideration_the-chosen,2
jungle-beat_wingfeather-saga_freelancers_testament,1
for-your-consideration_the-chosen_riot_freelancers,1
freelancers_for-your-consideration_dry-bar-best-of,2
for-your-consideration_dry-bar-best-of_jungle-beat,1
the-chosen_tuttle-twins_freelancers_testament_riot,1
jungle-beat_dry-bar-best-of_for-your-consideration,1
dry-bar-best-of_wingfeather-saga_riot_tuttle-twins,1
freelancers_dry-bar-best-of_for-your-consideration,1
for-your-consideration_tuttle-twins_riot_testament,1
the-chosen_dry-bar-best-of_jungle-beat_freelancers,1
the-chosen_dry-bar-best-of_freelancers_jungle-beat,1
dry-bar-best-of_jungle-beat_freelancers_the-chosen,1
for-your-consideration_jungle-beat_riot_the-chosen,1
the-chosen_jungle-beat_for-your-consideration_riot,1
the-chosen_for-your-consideration_dry-bar-best-of,6
for-your-consideration_dry-bar-best-of_the-chosen,3
wingfeather-saga_riot_dry-bar-best-of_jungle-beat,1
dry-bar-best-of_the-chosen_for-your-consideration,4
for-your-consideration_the-chosen_dry-bar-best-of,4
dry-bar-best-of_riot_wingfeather-saga_jungle-beat,1
wingfeather-saga_for-your-consideration_testament,2
testament_for-your-consideration_wingfeather-saga,2
riot_dry-bar-best-of_wingfeather-saga_freelancers,1
jungle-beat_riot_wingfeather-saga_dry-bar-best-of,1
freelancers_dry-bar-best-of_riot_wingfeather-saga,1
riot_freelancers_dry-bar-best-of_wingfeather-saga,2
wingfeather-saga_jungle-beat_dry-bar-best-of_riot,2
freelancers_dry-bar-best-of_wingfeather-saga_riot,2
dry-bar-best-of_for-your-consideration_the-chosen,1
the-chosen_tuttle-twins_dry-bar-best-of_testament,1
dry-bar-best-of_wingfeather-saga_freelancers_riot,1
jungle-beat_dry-bar-best-of_wingfeather-saga_riot,1
for-your-consideration_wingfeather-saga_testament,1
the-chosen_wingfeather-saga_testament_jungle-beat,1
dry-bar-best-of_riot_freelancers_wingfeather-saga,1
the-chosen_dry-bar-best-of_for-your-consideration,1
wingfeather-saga_freelancers_riot_dry-bar-best-of,1
wingfeather-saga_freelancers_the-chosen_testament,1
the-chosen_wingfeather-saga_dry-bar-best-of_riot,2
dry-bar-best-of_the-chosen_testament_freelancers,1
testament_dry-bar-best-of_freelancers_the-chosen,2
the-chosen_for-your-consideration_testament_riot,1
testament_the-chosen_freelancers_dry-bar-best-of,1
the-chosen_riot_dry-bar-best-of_wingfeather-saga,1
riot_wingfeather-saga_dry-bar-best-of_the-chosen,1
dry-bar-best-of_wingfeather-saga_riot_the-chosen,1
wingfeather-saga_the-chosen_dry-bar-best-of_riot,1
for-your-consideration_the-chosen_testament_riot,1
riot_wingfeather-saga_the-chosen_dry-bar-best-of,1
tuttle-twins_jungle-beat_for-your-consideration,3
for-your-consideration_jungle-beat_tuttle-twins,7
for-your-consideration_tuttle-twins_jungle-beat,3
tuttle-twins_for-your-consideration_jungle-beat,1
freelancers_tuttle-twins_for-your-consideration,2
tuttle-twins_for-your-consideration_freelancers,2
jungle-beat_for-your-consideration_tuttle-twins,2
jungle-beat_tuttle-twins_for-your-consideration,1
wingfeather-saga_dry-bar-best-of_riot_testament,1
freelancers_the-chosen_tuttle-twins_jungle-beat,1
tuttle-twins_the-chosen_freelancers_jungle-beat,1
for-your-consideration_tuttle-twins_freelancers,1
the-chosen_for-your-consideration_tuttle-twins,5
tuttle-twins_for-your-consideration_the-chosen,2
tuttle-twins_jungle-beat_riot_wingfeather-saga,5
wingfeather-saga_riot_freelancers_tuttle-twins,1
for-your-consideration_tuttle-twins_the-chosen,3
tuttle-twins_riot_freelancers_wingfeather-saga,1
wingfeather-saga_tuttle-twins_jungle-beat_riot,1
jungle-beat_riot_tuttle-twins_wingfeather-saga,1
jungle-beat_wingfeather-saga_tuttle-twins_riot,1
for-your-consideration_freelancers_jungle-beat,3
jungle-beat_tuttle-twins_wingfeather-saga_riot,1
freelancers_tuttle-twins_riot_wingfeather-saga,2
wingfeather-saga_riot_jungle-beat_tuttle-twins,2
the-chosen_tuttle-twins_for-your-consideration,2
for-your-consideration_the-chosen_tuttle-twins,3
tuttle-twins_the-chosen_for-your-consideration,1
tuttle-twins_freelancers_riot_wingfeather-saga,1
freelancers_wingfeather-saga_riot_tuttle-twins,1
riot_jungle-beat_tuttle-twins_wingfeather-saga,1
tuttle-twins_wingfeather-saga_riot_jungle-beat,2
wingfeather-saga_tuttle-twins_riot_freelancers,1
tuttle-twins_riot_jungle-beat_wingfeather-saga,1
for-your-consideration_jungle-beat_freelancers,1
tuttle-twins_wingfeather-saga_freelancers_riot,1
riot_tuttle-twins_jungle-beat_wingfeather-saga,1
tuttle-twins_freelancers_wingfeather-saga_riot,1
tuttle-twins_jungle-beat_wingfeather-saga_riot,1
jungle-beat_tuttle-twins_riot_wingfeather-saga,1
tuttle-twins_wingfeather-saga_riot_freelancers,1
the-chosen_jungle-beat_tuttle-twins_testament,1
for-your-consideration_freelancers_the-chosen,4
wingfeather-saga_dry-bar-best-of_tuttle-twins,8
tuttle-twins_freelancers_dry-bar-best-of_riot,1
the-chosen_tuttle-twins_freelancers_testament,1
freelancers_for-your-consideration_the-chosen,8
the-chosen_testament_jungle-beat_tuttle-twins,1
for-your-consideration_the-chosen_freelancers,3
jungle-beat_freelancers_riot_wingfeather-saga,2
dry-bar-best-of_wingfeather-saga_tuttle-twins,4
freelancers_the-chosen_for-your-consideration,1
tuttle-twins_the-chosen_freelancers_testament,1
the-chosen_for-your-consideration_freelancers,5
the-chosen_for-your-consideration_jungle-beat,9
wingfeather-saga_freelancers_riot_jungle-beat,1
riot_jungle-beat_freelancers_wingfeather-saga,1
for-your-consideration_jungle-beat_the-chosen,3
the-chosen_tuttle-twins_jungle-beat_testament,1
tuttle-twins_for-your-consideration_testament,1
wingfeather-saga_tuttle-twins_dry-bar-best-of,1
the-chosen_jungle-beat_for-your-consideration,3
the-chosen_freelancers_for-your-consideration,4
tuttle-twins_riot_wingfeather-saga_the-chosen,1
the-chosen_jungle-beat_testament_tuttle-twins,1
testament_tuttle-twins_the-chosen_freelancers,1
dry-bar-best-of_tuttle-twins_riot_freelancers,1
tuttle-twins_dry-bar-best-of_wingfeather-saga,1
tuttle-twins_wingfeather-saga_dry-bar-best-of,2
for-your-consideration_the-chosen_jungle-beat,6
the-chosen_wingfeather-saga_riot_tuttle-twins,1
riot_freelancers_wingfeather-saga_jungle-beat,1
jungle-beat_tuttle-twins_testament_the-chosen,1
tuttle-twins_the-chosen_jungle-beat_testament,1
tuttle-twins_freelancers_the-chosen_testament,1
tuttle-twins_jungle-beat_dry-bar-best-of_riot,1
tuttle-twins_wingfeather-saga_riot_the-chosen,1
the-chosen_tuttle-twins_riot_wingfeather-saga,2
jungle-beat_wingfeather-saga_riot_freelancers,1
tuttle-twins_wingfeather-saga_the-chosen_riot,1
dry-bar-best-of_tuttle-twins_wingfeather-saga,1
dry-bar-best-of_jungle-beat_tuttle-twins_riot,1
dry-bar-best-of_jungle-beat_wingfeather-saga,1
wingfeather-saga_jungle-beat_riot_the-chosen,2
freelancers_riot_dry-bar-best-of_jungle-beat,1
for-your-consideration_wingfeather-saga_riot,8
freelancers_wingfeather-saga_dry-bar-best-of,6
testament_riot_wingfeather-saga_tuttle-twins,1
wingfeather-saga_jungle-beat_dry-bar-best-of,3
wingfeather-saga_freelancers_dry-bar-best-of,8
wingfeather-saga_for-your-consideration_riot,4
the-chosen_jungle-beat_riot_wingfeather-saga,1
riot_tuttle-twins_dry-bar-best-of_the-chosen,1
wingfeather-saga_riot_freelancers_the-chosen,2
wingfeather-saga_riot_the-chosen_freelancers,1
jungle-beat_dry-bar-best-of_wingfeather-saga,1
the-chosen_riot_wingfeather-saga_freelancers,1
jungle-beat_wingfeather-saga_riot_the-chosen,1
wingfeather-saga_freelancers_the-chosen_riot,2
riot_for-your-consideration_wingfeather-saga,1
riot_wingfeather-saga_freelancers_the-chosen,1
wingfeather-saga_dry-bar-best-of_jungle-beat,1
the-chosen_wingfeather-saga_riot_freelancers,1
for-your-consideration_riot_wingfeather-saga,6
the-chosen_freelancers_riot_wingfeather-saga,2
freelancers_for-your-consideration_testament,2
the-chosen_freelancers_wingfeather-saga_riot,1
freelancers_the-chosen_riot_wingfeather-saga,1
testament_wingfeather-saga_tuttle-twins_riot,1
for-your-consideration_freelancers_testament,1
freelancers_dry-bar-best-of_wingfeather-saga,1
dry-bar-best-of_freelancers_wingfeather-saga,1
riot_wingfeather-saga_for-your-consideration,3
jungle-beat_dry-bar-best-of_freelancers_riot,1
dry-bar-best-of_wingfeather-saga_freelancers,3
wingfeather-saga_dry-bar-best-of_freelancers,1
the-chosen_wingfeather-saga_riot_jungle-beat,1
wingfeather-saga_riot_the-chosen_jungle-beat,1
freelancers_wingfeather-saga_riot_the-chosen,1
freelancers_testament_for-your-consideration,1
for-your-consideration_testament_jungle-beat,1
freelancers_the-chosen_wingfeather-saga_riot,1
jungle-beat_for-your-consideration_testament,1
the-chosen_riot_wingfeather-saga_jungle-beat,1
testament_for-your-consideration_the-chosen,2
the-chosen_dry-bar-best-of_wingfeather-saga,7
for-your-consideration_dry-bar-best-of_riot,5
the-chosen_jungle-beat_riot_dry-bar-best-of,1
riot_for-your-consideration_dry-bar-best-of,1
riot_dry-bar-best-of_for-your-consideration,1
wingfeather-saga_dry-bar-best-of_the-chosen,4
for-your-consideration_testament_the-chosen,4
for-your-consideration_riot_dry-bar-best-of,7
the-chosen_wingfeather-saga_dry-bar-best-of,6
dry-bar-best-of_riot_freelancers_the-chosen,1
dry-bar-best-of_tuttle-twins_riot_testament,1
the-chosen_dry-bar-best-of_freelancers_riot,1
testament_riot_freelancers_wingfeather-saga,1
dry-bar-best-of_riot_the-chosen_freelancers,1
testament_wingfeather-saga_freelancers_riot,1
dry-bar-best-of_wingfeather-saga_the-chosen,1
the-chosen_for-your-consideration_testament,3
the-chosen_freelancers_riot_dry-bar-best-of,1
wingfeather-saga_jungle-beat_testament_riot,1
riot_wingfeather-saga_jungle-beat_testament,1
the-chosen_riot_freelancers_dry-bar-best-of,1
for-your-consideration_the-chosen_testament,2
testament_riot_wingfeather-saga_freelancers,2
riot_dry-bar-best-of_freelancers_the-chosen,1
riot_dry-bar-best-of_jungle-beat_the-chosen,1
testament_freelancers_riot_wingfeather-saga,1
tuttle-twins_wingfeather-saga_jungle-beat,17
tuttle-twins_jungle-beat_wingfeather-saga,15
wingfeather-saga_jungle-beat_tuttle-twins,10
testament_wingfeather-saga_dry-bar-best-of,1
wingfeather-saga_dry-bar-best-of_testament,1
the-chosen_testament_wingfeather-saga_riot,2
wingfeather-saga_testament_dry-bar-best-of,2
testament_riot_dry-bar-best-of_jungle-beat,1
testament_wingfeather-saga_riot_the-chosen,1
testament_dry-bar-best-of_wingfeather-saga,1
riot_testament_freelancers_dry-bar-best-of,1
the-chosen_wingfeather-saga_riot_testament,1
wingfeather-saga_the-chosen_riot_testament,1
riot_testament_wingfeather-saga_the-chosen,1
dry-bar-best-of_wingfeather-saga_testament,1
for-your-consideration_wingfeather-saga,129
tuttle-twins_wingfeather-saga_freelancers,6
the-chosen_wingfeather-saga_tuttle-twins,14
freelancers_wingfeather-saga_tuttle-twins,7
jungle-beat_tuttle-twins_wingfeather-saga,7
wingfeather-saga_tuttle-twins_jungle-beat,8
tuttle-twins_freelancers_jungle-beat_riot,1
tuttle-twins_freelancers_wingfeather-saga,6
jungle-beat_tuttle-twins_freelancers_riot,1
jungle-beat_wingfeather-saga_tuttle-twins,7
wingfeather-saga_freelancers_tuttle-twins,3
testament_riot_the-chosen_dry-bar-best-of,1
freelancers_tuttle-twins_wingfeather-saga,1
tuttle-twins_dry-bar-best-of_freelancers,3
wingfeather-saga_jungle-beat_freelancers,5
wingfeather-saga_for-your-consideration,35
the-chosen_wingfeather-saga_jungle-beat,13
riot_for-your-consideration_tuttle-twins,1
jungle-beat_wingfeather-saga_freelancers,3
jungle-beat_tuttle-twins_riot_the-chosen,1
jungle-beat_dry-bar-best-of_tuttle-twins,2
freelancers_jungle-beat_wingfeather-saga,1
the-chosen_tuttle-twins_wingfeather-saga,7
freelancers_dry-bar-best-of_tuttle-twins,1
wingfeather-saga_freelancers_jungle-beat,1
tuttle-twins_wingfeather-saga_the-chosen,4
wingfeather-saga_tuttle-twins_the-chosen,6
tuttle-twins_the-chosen_wingfeather-saga,3
jungle-beat_freelancers_wingfeather-saga,1
tuttle-twins_riot_the-chosen_jungle-beat,1
riot_tuttle-twins_the-chosen_jungle-beat,1
tuttle-twins_freelancers_dry-bar-best-of,6
jungle-beat_riot_tuttle-twins_the-chosen,1
wingfeather-saga_the-chosen_tuttle-twins,2
the-chosen_jungle-beat_riot_tuttle-twins,2
dry-bar-best-of_tuttle-twins_freelancers,1
riot_tuttle-twins_for-your-consideration,1
for-your-consideration_riot_tuttle-twins,2
tuttle-twins_for-your-consideration_riot,3
tuttle-twins_jungle-beat_dry-bar-best-of,3
jungle-beat_tuttle-twins_dry-bar-best-of,1
dry-bar-best-of_jungle-beat_tuttle-twins,1
freelancers_tuttle-twins_dry-bar-best-of,2
riot_jungle-beat_tuttle-twins_the-chosen,1
the-chosen_freelancers_wingfeather-saga,7
for-your-consideration_dry-bar-best-of,99
wingfeather-saga_the-chosen_freelancers,2
jungle-beat_wingfeather-saga_the-chosen,7
tuttle-twins_testament_wingfeather-saga,2
for-your-consideration_riot_freelancers,1
wingfeather-saga_jungle-beat_the-chosen,7
the-chosen_dry-bar-best-of_tuttle-twins,4
jungle-beat_for-your-consideration_riot,5
wingfeather-saga_freelancers_the-chosen,5
tuttle-twins_dry-bar-best-of_the-chosen,3
jungle-beat_freelancers_dry-bar-best-of,1
the-chosen_jungle-beat_wingfeather-saga,5
for-your-consideration_riot_jungle-beat,2
testament_wingfeather-saga_tuttle-twins,1
dry-bar-best-of_tuttle-twins_the-chosen,2
dry-bar-best-of_for-your-consideration,10
testament_tuttle-twins_wingfeather-saga,1
riot_for-your-consideration_freelancers,1
freelancers_wingfeather-saga_the-chosen,3
the-chosen_wingfeather-saga_freelancers,7
tuttle-twins_freelancers_riot_testament,1
tuttle-twins_wingfeather-saga_testament,3
wingfeather-saga_tuttle-twins_testament,2
the-chosen_tuttle-twins_dry-bar-best-of,4
freelancers_the-chosen_wingfeather-saga,2
jungle-beat_the-chosen_wingfeather-saga,1
wingfeather-saga_the-chosen_jungle-beat,2
for-your-consideration_freelancers_riot,4
freelancers_tuttle-twins_riot_testament,2
the-chosen_riot_jungle-beat_freelancers,1
for-your-consideration_jungle-beat_riot,2
jungle-beat_dry-bar-best-of_freelancers,1
testament_wingfeather-saga_freelancers,4
freelancers_testament_wingfeather-saga,1
the-chosen_dry-bar-best-of_jungle-beat,4
the-chosen_dry-bar-best-of_freelancers,6
freelancers_the-chosen_dry-bar-best-of,6
wingfeather-saga_jungle-beat_testament,2
the-chosen_freelancers_dry-bar-best-of,8
tuttle-twins_testament_dry-bar-best-of,1
wingfeather-saga_freelancers_testament,3
for-your-consideration_the-chosen_riot,5
the-chosen_jungle-beat_dry-bar-best-of,3
jungle-beat_testament_wingfeather-saga,2
freelancers_dry-bar-best-of_the-chosen,3
riot_the-chosen_for-your-consideration,2
for-your-consideration_riot_the-chosen,8
the-chosen_for-your-consideration_riot,3
the-chosen_riot_for-your-consideration,1
dry-bar-best-of_the-chosen_freelancers,1
riot_for-your-consideration_the-chosen,1
wingfeather-saga_testament_freelancers,2
the-chosen_tuttle-twins_riot_testament,1
freelancers_riot_jungle-beat_testament,1
dry-bar-best-of_freelancers_the-chosen,1
testament_tuttle-twins_dry-bar-best-of,1
tuttle-twins_the-chosen_testament_riot,1
testament_freelancers_wingfeather-saga,2
jungle-beat_wingfeather-saga_testament,1
tuttle-twins_dry-bar-best-of_testament,1
freelancers_dry-bar-best-of_testament,1
the-chosen_wingfeather-saga_testament,7
riot_wingfeather-saga_dry-bar-best-of,6
testament_freelancers_the-chosen_riot,1
testament_wingfeather-saga_the-chosen,3
testament_the-chosen_wingfeather-saga,1
wingfeather-saga_the-chosen_testament,5
the-chosen_testament_wingfeather-saga,9
the-chosen_riot_testament_freelancers,1
testament_dry-bar-best-of_freelancers,2
dry-bar-best-of_wingfeather-saga_riot,1
the-chosen_testament_freelancers_riot,1
jungle-beat_testament_dry-bar-best-of,2
dry-bar-best-of_freelancers_testament,3
for-your-consideration_testament_riot,1
wingfeather-saga_dry-bar-best-of_riot,1
wingfeather-saga_riot_dry-bar-best-of,5
testament_freelancers_dry-bar-best-of,1
riot_dry-bar-best-of_wingfeather-saga,1
riot_for-your-consideration_testament,1
freelancers_jungle-beat_tuttle-twins,2
the-chosen_jungle-beat_tuttle-twins,13
for-your-consideration_tuttle-twins,56
testament_the-chosen_dry-bar-best-of,1
testament_dry-bar-best-of_the-chosen,2
jungle-beat_freelancers_tuttle-twins,4
the-chosen_dry-bar-best-of_testament,3
tuttle-twins_for-your-consideration,22
tuttle-twins_jungle-beat_freelancers,9
the-chosen_testament_dry-bar-best-of,8
tuttle-twins_freelancers_jungle-beat,2
the-chosen_for-your-consideration,330
for-your-consideration_the-chosen,604
for-your-consideration_freelancers,63
freelancers_for-your-consideration,18
for-your-consideration_jungle-beat,34
jungle-beat_for-your-consideration,14
the-chosen_freelancers_tuttle-twins,3
the-chosen_tuttle-twins_jungle-beat,8
tuttle-twins_jungle-beat_the-chosen,7
tuttle-twins_freelancers_the-chosen,4
jungle-beat_tuttle-twins_the-chosen,7
tuttle-twins_the-chosen_freelancers,2
the-chosen_tuttle-twins_freelancers,1
jungle-beat_the-chosen_tuttle-twins,3
tuttle-twins_the-chosen_jungle-beat,2
freelancers_jungle-beat_the-chosen,2
riot_wingfeather-saga_tuttle-twins,5
riot_wingfeather-saga_jungle-beat,10
the-chosen_freelancers_jungle-beat,2
wingfeather-saga_riot_tuttle-twins,4
tuttle-twins_wingfeather-saga_riot,5
tuttle-twins_riot_wingfeather-saga,2
wingfeather-saga_tuttle-twins_riot,4
testament_tuttle-twins_freelancers,2
tuttle-twins_testament_freelancers,2
the-chosen_jungle-beat_freelancers,3
jungle-beat_tuttle-twins_testament,4
freelancers_tuttle-twins_testament,1
riot_tuttle-twins_wingfeather-saga,2
tuttle-twins_freelancers_testament,1
testament_tuttle-twins_jungle-beat,1
dry-bar-best-of_wingfeather-saga,23
wingfeather-saga_dry-bar-best-of,65
the-chosen_riot_wingfeather-saga,13
wingfeather-saga_riot_freelancers,7
jungle-beat_wingfeather-saga_riot,6
testament_tuttle-twins_the-chosen,3
the-chosen_tuttle-twins_testament,5
wingfeather-saga_riot_jungle-beat,3
the-chosen_testament_tuttle-twins,7
for-your-consideration_testament,18
testament_the-chosen_tuttle-twins,2
riot_wingfeather-saga_freelancers,4
tuttle-twins_testament_the-chosen,2
jungle-beat_riot_wingfeather-saga,4
freelancers_testament_jungle-beat,1
riot_dry-bar-best-of_tuttle-twins,1
wingfeather-saga_freelancers_riot,2
freelancers_riot_wingfeather-saga,1
wingfeather-saga_jungle-beat_riot,1
riot_tuttle-twins_dry-bar-best-of,1
dry-bar-best-of_riot_tuttle-twins,2
riot_freelancers_wingfeather-saga,3
tuttle-twins_riot_dry-bar-best-of,1
riot_dry-bar-best-of_freelancers,3
the-chosen_jungle-beat_testament,4
jungle-beat_riot_dry-bar-best-of,4
testament_for-your-consideration,5
freelancers_riot_dry-bar-best-of,5
the-chosen_wingfeather-saga_riot,9
riot_wingfeather-saga_the-chosen,4
wingfeather-saga_riot_the-chosen,7
jungle-beat_testament_the-chosen,1
riot_the-chosen_wingfeather-saga,3
testament_the-chosen_freelancers,2
the-chosen_testament_freelancers,2
the-chosen_testament_jungle-beat,2
testament_freelancers_the-chosen,2
freelancers_the-chosen_testament,2
dry-bar-best-of_freelancers_riot,1
riot_freelancers_dry-bar-best-of,2
freelancers_testament_the-chosen,1
riot_dry-bar-best-of_jungle-beat,1
freelancers_dry-bar-best-of_riot,1
dry-bar-best-of_riot_freelancers,1
riot_jungle-beat_dry-bar-best-of,1
the-chosen_freelancers_testament,1
dry-bar-best-of_riot_jungle-beat,2
testament_the-chosen_jungle-beat,1
wingfeather-saga_tuttle-twins,101
the-chosen_dry-bar-best-of_riot,3
the-chosen_riot_dry-bar-best-of,5
wingfeather-saga_testament_riot,1
riot_testament_wingfeather-saga,1
dry-bar-best-of_the-chosen_riot,1
testament_riot_wingfeather-saga,4
dry-bar-best-of_riot_the-chosen,1
wingfeather-saga_riot_testament,1
riot_dry-bar-best-of_the-chosen,4
testament_wingfeather-saga_riot,3
riot_wingfeather-saga_testament,1
tuttle-twins_wingfeather-saga,92
tuttle-twins_jungle-beat_riot,12
wingfeather-saga_freelancers,66
wingfeather-saga_the-chosen,132
jungle-beat_wingfeather-saga,42
the-chosen_wingfeather-saga,171
dry-bar-best-of_tuttle-twins,18
tuttle-twins_riot_jungle-beat,3
freelancers_wingfeather-saga,34
tuttle-twins_dry-bar-best-of,23
wingfeather-saga_jungle-beat,64
riot_tuttle-twins_jungle-beat,1
jungle-beat_tuttle-twins_riot,4
tuttle-twins_freelancers_riot,3
tuttle-twins_riot_freelancers,2
riot_tuttle-twins_freelancers,1
freelancers_tuttle-twins_riot,1
riot_jungle-beat_tuttle-twins,3
riot_freelancers_tuttle-twins,1
for-your-consideration_riot,86
freelancers_dry-bar-best-of,43
the-chosen_dry-bar-best-of,145
jungle-beat_freelancers_riot,2
tuttle-twins_the-chosen_riot,3
riot_for-your-consideration,22
jungle-beat_dry-bar-best-of,16
the-chosen_tuttle-twins_riot,3
tuttle-twins_riot_the-chosen,4
dry-bar-best-of_freelancers,29
the-chosen_riot_tuttle-twins,4
freelancers_jungle-beat_riot,3
freelancers_riot_jungle-beat,1
jungle-beat_riot_freelancers,3
riot_tuttle-twins_the-chosen,1
riot_jungle-beat_freelancers,2
dry-bar-best-of_the-chosen,58
testament_wingfeather-saga,44
the-chosen_freelancers_riot,3
riot_jungle-beat_the-chosen,4
wingfeather-saga_testament,41
the-chosen_riot_freelancers,7
dry-bar-best-of_jungle-beat,7
jungle-beat_the-chosen_riot,2
riot_tuttle-twins_testament,1
the-chosen_riot_jungle-beat,9
the-chosen_jungle-beat_riot,7
riot_freelancers_the-chosen,2
riot_the-chosen_jungle-beat,2
testament_tuttle-twins_riot,1
riot_the-chosen_freelancers,1
freelancers_the-chosen_riot,1
testament_dry-bar-best-of,28
testament_jungle-beat_riot,3
riot_jungle-beat_testament,1
the-chosen_riot_testament,7
jungle-beat_tuttle-twins,71
tuttle-twins_jungle-beat,74
the-chosen_testament_riot,1
tuttle-twins_freelancers,34
dry-bar-best-of_testament,4
freelancers_tuttle-twins,22
riot_the-chosen_testament,3
testament_riot_the-chosen,3
riot_testament_the-chosen,1
testament_the-chosen_riot,1
the-chosen_jungle-beat,101
the-chosen_freelancers,102
tuttle-twins_the-chosen,66
the-chosen_tuttle-twins,93
jungle-beat_freelancers,15
freelancers_the-chosen,70
jungle-beat_the-chosen,65
testament_tuttle-twins,14
freelancers_jungle-beat,6
tuttle-twins_testament,14
the-chosen_testament,150
wingfeather-saga_riot,75
testament_jungle-beat,13
testament_the-chosen,126
riot_wingfeather-saga,39
testament_freelancers,20
jungle-beat_testament,11
freelancers_testament,10
dry-bar-best-of_riot,30
riot_dry-bar-best-of,40
riot_tuttle-twins,25
tuttle-twins_riot,30
the-chosen_riot,122
jungle-beat_riot,25
freelancers_riot,30
riot_freelancers,28
riot_jungle-beat,30
riot_the-chosen,60
testament_riot,27
riot_testament,10
